{"cameraMode":{"drawMode":0,"name":"Shaded","section":"Shading Mode"},"sceneLighting":true,"audioPlay":false,"sceneViewState":{"showFog":true,"showMaterialUpdate":false,"showSkybox":true,"showFlares":true,"showImageEffects":true,"showParticleSystems":true},"in2DMode":false,"pivot":{"x":0.24488753080368043,"y":1.000262975692749,"z":-0.8894500732421875},"rotation":{"x":-0.18961448967456819,"y":-0.020030919462442399,"z":0.003869223641231656,"w":-0.9816466569900513},"size":10.510520935058594,"orthographic":false}